Welcome To Employee Payroll

#UC1:-
mysql> CREATE DATABASE payroll_service;
Query OK, 1 row affected (0.19 sec)

mysql> show databases;
+--------------------+
| Database           |
+--------------------+
| information_schema |
| mysql              |
| payroll_service    |
| performance_schema |
| pets               |
| sys                |
| testdb             |
+--------------------+
7 rows in set (0.00 sec)

#UC2:- Create Employee Payroll Table
mysql> USE payroll_service;
Database changed
mysql> SELECT DATABASE();
+-----------------+
| DATABASE()      |
+-----------------+
| payroll_service |
+-----------------+
1 row in set (0.00 sec)

mysql> CREATE TABLE employee_payroll
    -> (
    -> id              INT unsigned NOT NULL AUTO_INCREMENT,
    -> name            VARCHAR(150) NOT NULL,
    -> salary          Double NOT NULL,
    -> start           DATE NOT NULL,
    -> PRIMARY KEY     (id)
    -> );
Query OK, 0 rows affected (2.31 sec)

mysql> DESCRIBE employee_payroll;
+--------+--------------+------+-----+---------+----------------+
| Field  | Type         | Null | Key | Default | Extra          |
+--------+--------------+------+-----+---------+----------------+
| id     | int unsigned | NO   | PRI | NULL    | auto_increment |
| name   | varchar(150) | NO   |     | NULL    |                |
| salary | double       | NO   |     | NULL    |                |
| start  | date         | NO   |     | NULL    |                |
+--------+--------------+------+-----+---------+----------------+
4 rows in set (0.19 sec)


#UC3:-Create Employee Payroll Data In The Payroll Service Database

mysql> INSERT INTO employee_payroll ( name, salary, start) VALUES
    ->   ( 'Bill', 1000000.00, '2018-01-29'),
    ->   ( 'Terisa', 2000000.00, '2019-11-05'),
    ->   ( 'Charlie', 3000000.00, '2020-05-21'),
    ->   ( 'Omkar', 4000000.00, '2021-06-30');
Query OK, 4 rows affected (0.31 sec)
Records: 4  Duplicates: 0  Warnings: 0

#UC4:-Ability To Retrive All Employee Payroll Data

mysql> SELECT * FROM employee_payroll;
+----+---------+--------+---------+------------+
| id | name    | gender | salary  | start      |
+----+---------+--------+---------+------------+
|  1 | Bill    | M      | 1000000 | 2018-01-29 |
|  2 | Terisa  | F      | 2000000 | 2019-11-05 |
|  3 | Charlie | M      | 3000000 | 2020-05-21 |
|  4 | Omkar   | M      | 4000000 | 2021-06-30 |
+----+---------+--------+---------+------------+
4 rows in set (0.00 sec)

#UC5:-Ability To Retrive Salary Data

mysql> SELECT salary FROM employee_payroll WHERE name = 'Bill';
+---------+
| salary  |
+---------+
| 1000000 |
+---------+
1 row in set (0.06 sec)

mysql> SELECT * FROM employee_payroll
    -> WHERE start BETWEEN CAST('2019-01-01' AS DATE) AND DATE(NOW());
+----+---------+---------+------------+
| id | name    | salary  | start      |
+----+---------+---------+------------+
|  2 | Terisa  | 2000000 | 2019-11-05 |
|  3 | Charlie | 3000000 | 2020-05-21 |
|  4 | Omkar   | 4000000 | 2021-06-30 |
+----+---------+---------+------------+
3 rows in set (0.08 sec)

