Welcome To Employee Payroll

#UC1:-
mysql> CREATE DATABASE payroll_service;
Query OK, 1 row affected (0.19 sec)

mysql> show databases;
+--------------------+
| Database           |
+--------------------+
| information_schema |
| mysql              |
| payroll_service    |
| performance_schema |
| pets               |
| sys                |
| testdb             |
+--------------------+
7 rows in set (0.00 sec)

#UC2:- Create Employee Payroll Table
mysql> USE payroll_service;
Database changed
mysql> SELECT DATABASE();
+-----------------+
| DATABASE()      |
+-----------------+
| payroll_service |
+-----------------+
1 row in set (0.00 sec)

mysql> CREATE TABLE employee_payroll
    -> (
    -> id              INT unsigned NOT NULL AUTO_INCREMENT,
    -> name            VARCHAR(150) NOT NULL,
    -> salary          Double NOT NULL,
    -> start           DATE NOT NULL,
    -> PRIMARY KEY     (id)
    -> );
Query OK, 0 rows affected (2.31 sec)

mysql> DESCRIBE employee_payroll;
+--------+--------------+------+-----+---------+----------------+
| Field  | Type         | Null | Key | Default | Extra          |
+--------+--------------+------+-----+---------+----------------+
| id     | int unsigned | NO   | PRI | NULL    | auto_increment |
| name   | varchar(150) | NO   |     | NULL    |                |
| salary | double       | NO   |     | NULL    |                |
| start  | date         | NO   |     | NULL    |                |
+--------+--------------+------+-----+---------+----------------+
4 rows in set (0.19 sec)


#UC3:-Create Employee Payroll Data In The Payroll Service Database

mysql> INSERT INTO employee_payroll ( name, salary, start) VALUES
    ->   ( 'Bill', 1000000.00, '2018-01-29'),
    ->   ( 'Terisa', 2000000.00, '2019-11-05'),
    ->   ( 'Charlie', 3000000.00, '2020-05-21'),
    ->   ( 'Omkar', 4000000.00, '2021-06-30');
Query OK, 4 rows affected (0.31 sec)
Records: 4  Duplicates: 0  Warnings: 0

#UC4:-Ability To Retrive All Employee Payroll Data

mysql> SELECT * FROM employee_payroll;
+----+---------+--------+---------+------------+
| id | name    | gender | salary  | start      |
+----+---------+--------+---------+------------+
|  1 | Bill    | M      | 1000000 | 2018-01-29 |
|  2 | Terisa  | F      | 2000000 | 2019-11-05 |
|  3 | Charlie | M      | 3000000 | 2020-05-21 |
|  4 | Omkar   | M      | 4000000 | 2021-06-30 |
+----+---------+--------+---------+------------+
4 rows in set (0.00 sec)

#UC5:-Ability To Retrive Salary Data

mysql> SELECT salary FROM employee_payroll WHERE name = 'Bill';
+---------+
| salary  |
+---------+
| 1000000 |
+---------+
1 row in set (0.06 sec)

mysql> SELECT * FROM employee_payroll
    -> WHERE start BETWEEN CAST('2019-01-01' AS DATE) AND DATE(NOW());
+----+---------+---------+------------+
| id | name    | salary  | start      |
+----+---------+---------+------------+
|  2 | Terisa  | 2000000 | 2019-11-05 |
|  3 | Charlie | 3000000 | 2020-05-21 |
|  4 | Omkar   | 4000000 | 2021-06-30 |
+----+---------+---------+------------+
3 rows in set (0.08 sec)

#UC6:-Ability To Add Gender TO Employee Payroll Table

mysql> ALTER TABLE employee_payroll ADD gender CHAR(1) AFTER name;
Query OK, 0 rows affected (3.14 sec)
Records: 0  Duplicates: 0  Warnings: 0

mysql> update employee_payroll set gender = 'F' where name = 'Terisa';
Query OK, 1 row affected (0.10 sec)
Rows matched: 1  Changed: 1  Warnings: 0

mysql> update employee_payroll set gender = 'M' where name = 'Bill' or name = 'C
harlie' or name = 'Omkar';
Query OK, 3 rows affected (0.11 sec)
Rows matched: 3  Changed: 3  Warnings: 0

mysql> update employee_payroll set salary = 2000000.00 where name = 'Terisa';
Query OK, 0 rows affected (0.04 sec)
Rows matched: 1  Changed: 0  Warnings: 0

mysql> SELECT * FROM employee_payroll;
+----+---------+--------+---------+------------+
| id | name    | gender | salary  | start      |
+----+---------+--------+---------+------------+
|  1 | Bill    | M      | 1000000 | 2018-01-29 |
|  2 | Terisa  | F      | 2000000 | 2019-11-05 |
|  3 | Charlie | M      | 3000000 | 2020-05-21 |
|  4 | Omkar   | M      | 4000000 | 2021-06-30 |
+----+---------+--------+---------+------------+
4 rows in set (0.00 sec)

#UC7:-Ability To Find Average,Sum,Min,Max,And Number Of Male And Female Employee

***AVERAGE***
mysql> SELECT AVG(salary) FROM employee_payroll where gender = 'M' GROUP BY gend
er;
+--------------------+
| AVG(salary)        |
+--------------------+
| 2666666.6666666665 |
+--------------------+
1 row in set (0.07 sec)

mysql> SELECT AVG(salary) FROM employee_payroll GROUP BY gender;
+--------------------+
| AVG(salary)        |
+--------------------+
| 2666666.6666666665 |
|            2000000 |
+--------------------+
2 rows in set (0.05 sec)

mysql> SELECT gender, AVG(salary) FROM employee_payroll GROUP BY gender;
+--------+--------------------+
| gender | AVG(salary)        |
+--------+--------------------+
| M      | 2666666.6666666665 |
| F      |            2000000 |
+--------+--------------------+
2 rows in set (0.00 sec)

mysql> SELECT AVG(salary) FROM employee_payroll;
+-------------+
| AVG(salary) |
+-------------+
|     2500000 |
+-------------+
1 row in set (0.84 sec)


***Count Number Of Male And Female Employees:-***

mysql> SELECT gender, COUNT(name) FROM employee_payroll GROUP BY gender;
+--------+-------------+
| gender | COUNT(name) |
+--------+-------------+
| M      |           3 |
| F      |           1 |
+--------+-------------+
2 rows in set (0.00 sec)

***Sum Of Employee Salary***

mysql> SELECT gender, SUM(Salary) FROM employee_payroll GROUP BY gender;
+--------+-------------+
| gender | SUM(Salary) |
+--------+-------------+
| M      |     8000000 |
| F      |     2000000 |
+--------+-------------+
2 rows in set (0.00 sec)

***Minimum & Maximum Salary Of Employee*** 

mysql> SELECT gender, MIN(salary) FROM employee_payroll;
+--------+-------------+
| gender | MIN(salary) |
+--------+-------------+
| M      |     1000000 |
+--------+-------------+
1 row in set (1.40 sec)

mysql> SELECT gender, MAX(salary) FROM employee_payroll;
+--------+-------------+
| gender | MAX(salary) |
+--------+-------------+
| M      |     4000000 |
+--------+-------------+
1 row in set (0.06 sec)

mysql> SELECT MAX(salary) FROM employee_payroll;
+-------------+
| MAX(salary) |
+-------------+
|     4000000 |
+-------------+
1 row in set (0.00 sec)

mysql> SELECT MIN(salary) FROM employee_payroll;
+-------------+
| MIN(salary) |
+-------------+
|     1000000 |
+-------------+
1 row in set (0.00 sec)

#UC8:- Ability to extend employee_payroll data to store employee information like employee phone, address and department

mysql> alter table employee_payroll ADD phone_number varchar(250) after name;
Query OK, 0 rows affected (2.94 sec)
Records: 0  Duplicates: 0  Warnings: 0

mysql> alter table employee_payroll ADD address varchar(250) after phone_number;

Query OK, 0 rows affected (2.10 sec)
Records: 0  Duplicates: 0  Warnings: 0

mysql> alter table employee_payroll ADD department varchar(160) not null after a
ddress;
Query OK, 0 rows affected (1.13 sec)
Records: 0  Duplicates: 0  Warnings: 0

mysql> alter table employee_payroll alter address set default 'TBD';
Query OK, 0 rows affected (0.18 sec)
Records: 0  Duplicates: 0  Warnings: 0

mysql> describe employee_payroll;
+--------------+--------------+------+-----+---------+----------------+
| Field        | Type         | Null | Key | Default | Extra          |
+--------------+--------------+------+-----+---------+----------------+
| id           | int unsigned | NO   | PRI | NULL    | auto_increment |
| name         | varchar(150) | NO   |     | NULL    |                |
| phone_number | varchar(250) | YES  |     | NULL    |                |
| address      | varchar(250) | YES  |     | TBD     |                |
| department   | varchar(160) | NO   |     | NULL    |                |
| gender       | char(1)      | YES  |     | NULL    |                |
| salary       | double       | NO   |     | NULL    |                |
| start        | date         | NO   |     | NULL    |                |
+--------------+--------------+------+-----+---------+----------------+
8 rows in set (0.07 sec)

mysql> select * from employee_payroll;
+----+---------+--------------+---------+------------+--------+---------+------------+
| id | name    | phone_number | address | department | gender | salary  | start      |
+----+---------+--------------+---------+------------+--------+---------+------------+
|  1 | Bill    | NULL         | NULL    |            | M      | 1000000 | 2018-01-29 |
|  2 | Terisa  | NULL         | NULL    |            | F      | 2000000 | 2019-11-05 |
|  3 | Charlie | NULL         | NULL    |            | M      | 3000000 | 2020-05-21 |
|  4 | Omkar   | NULL         | NULL    |            | M      | 4000000 | 2021-06-30 |
+----+---------+--------------+---------+------------+--------+---------+------------+
4 rows in set (0.00 sec)

#UC9:-Ability to extend employee_payroll table to have Basic Pay, Deductions, Taxable Pay,Income Tax, Net Pay

mysql> select * from employee_payroll;
+----+---------+--------------+---------+------------+--------+-----------+------------+-------------+-----+---------+------------+
| id | name    | phone_number | address | department | gender | basic_pay | deductions | taxable_pay | tax | net_pay | start      |
+----+---------+--------------+---------+------------+--------+-----------+------------+-------------+-----+---------+------------+
|  1 | Bill    | NULL         | NULL    |            | M      |   1000000 |          0 |           0 |   0 |       0 | 2018-01-29 |
|  2 | Terisa  | NULL         | NULL    |            | F      |   2000000 |          0 |           0 |   0 |       0 | 2019-11-05 |
|  3 | Charlie | NULL         | NULL    |            | M      |   3000000 |          0 |           0 |   0 |       0 | 2020-05-21 |
|  4 | Omkar   | NULL         | NULL    |            | M      |   4000000 |          0 |           0 |   0 |       0 | 2021-06-30 |
+----+---------+--------------+---------+------------+--------+-----------+------------+-------------+-----+---------+------------+
4 rows in set (0.00 sec)

UC10:-Ability to make Terissa as part of Sales and Marketing Department

mysql> INSERT INTO employee_payroll
    -> (name, department, gender, basic_pay, deductions, taxable_pay, tax, net_pay, start) VALUES
    -> ('Terisa', 'Marketing', 'F', '3000000', '1000000', '2000000','60000','1500000','2018-1-3');
Query OK, 1 row affected (0.20 sec)

mysql> select * from employee_payroll where name = 'Terisa';
+----+--------+--------------+---------+------------+--------+-----------+------------+-------------+-------+---------+------------+
| id | name   | phone_number | address | department | gender | basic_pay | deductions | taxable_pay | tax   | net_pay | start      |
+----+--------+--------------+---------+------------+--------+-----------+------------+-------------+-------+---------+------------+
|  2 | Terisa | NULL         | NULL    |            | F      |   2000000 |          0 |           0 |     0 |       0 | 2019-11-05 |
|  5 | Terisa | NULL         | TBD     | SALES      | F      |   3000000 |          0 |           0 |     0 |       0 | 2018-11-13 |
|  6 | Terisa | NULL         | TBD     | Marketing  | F      |   3000000 |    1000000 |     2000000 | 60000 | 1500000 | 2018-01-03 |
+----+--------+--------------+---------+------------+--------+-----------+------------+-------------+-------+---------+------------+
3 rows in set (0.00 sec)
ok